"group","mean_auc","mean_peak","mean_ttpeak","mean_duration"
"C1",4.9418598688447,4.76146957698461,3.21428571428571,11.7142857142857
"C2",5.56103764461244,5.1712598514215,3.4,26.8
