"comparisons","auc","peak","ttpeak","duration"
1,0.120413568423992,0.301205667747059,0.729072675362902,0.268609504003633
2,0.120413568423992,0.301205667747059,0.729072675362902,0.268609504003633
